{"count":1,"self":21.8295152,"total":23.1114365,"children":{"InitializeActuators":{"count":1,"self":0.0019998999999999998,"total":0.0019998999999999998,"children":null},"InitializeSensors":{"count":1,"self":0.0020003,"total":0.0020003,"children":null},"AgentSendState":{"count":739,"self":0.0049800999999999995,"total":0.0219795,"children":{"CollectObservations":{"count":148,"self":0.0019952,"total":0.0019952,"children":null},"WriteActionMask":{"count":148,"self":0.0010027999999999999,"total":0.0010027999999999999,"children":null},"RequestDecision":{"count":148,"self":0.014001399999999999,"total":0.014001399999999999,"children":null}}},"DecideAction":{"count":739,"self":0.54935899999999993,"total":1.2539449999999999,"children":{"CameraSensor.WriteToTensor":{"count":148,"self":0.70458599999999993,"total":0.70458599999999993,"children":null}}},"AgentAct":{"count":739,"self":0.00099779999999999986,"total":0.00099779999999999986,"children":null}},"gauges":{},"metadata":{"timer_format_version":"0.1.0","start_time_seconds":"1639933005","unity_version":"2021.2.0f1","command_line_arguments":"D:\\Unity\\2021.2.0f1\\Editor\\Unity.exe -projectpath D:\/UP\/Drone-Test -useHub -hubIPC -cloudEnvironment production -hubSessionId a94be740-608a-11ec-b707-a9f982de6949 -accessToken CbYRjFrNyhAnD-tOq9TRMBU1gW6lxZnOZ9nbEtidy0E011f","communication_protocol_version":"1.5.0","com.unity.ml-agents_version":"2.1.0-exp.1","scene_name":"SampleScene","end_time_seconds":"1639933028"}}