{
    "name": "root",
    "gauges": {
        "Move.Policy.Entropy.mean": {
            "value": 1.3610315322875977,
            "min": 1.3603153228759766,
            "max": 1.4189386367797852,
            "count": 250
        },
        "Move.Policy.Entropy.sum": {
            "value": 3123.5673828125,
            "min": 1482.3525390625,
            "max": 3843.90478515625,
            "count": 250
        },
        "Move.Environment.LessonNumber.mass.mean": {
            "value": 0.0,
            "min": 0.0,
            "max": 0.0,
            "count": 250
        },
        "Move.Environment.LessonNumber.mass.sum": {
            "value": 0.0,
            "min": 0.0,
            "max": 0.0,
            "count": 250
        },
        "Move.Environment.LessonNumber.scale.mean": {
            "value": 0.0,
            "min": 0.0,
            "max": 0.0,
            "count": 250
        },
        "Move.Environment.LessonNumber.scale.sum": {
            "value": 0.0,
            "min": 0.0,
            "max": 0.0,
            "count": 250
        },
        "Move.Environment.EpisodeLength.mean": {
            "value": 101.15,
            "min": 97.33333333333333,
            "max": 150.76923076923077,
            "count": 250
        },
        "Move.Environment.EpisodeLength.sum": {
            "value": 2023.0,
            "min": 1610.0,
            "max": 2367.0,
            "count": 250
        },
        "Move.Step.mean": {
            "value": 499973.0,
            "min": 1965.0,
            "max": 499973.0,
            "count": 250
        },
        "Move.Step.sum": {
            "value": 499973.0,
            "min": 1965.0,
            "max": 499973.0,
            "count": 250
        },
        "Move.Policy.ExtrinsicValueEstimate.mean": {
            "value": -0.038355592638254166,
            "min": -0.10772344470024109,
            "max": -0.003807614790275693,
            "count": 250
        },
        "Move.Policy.ExtrinsicValueEstimate.sum": {
            "value": -0.7671118378639221,
            "min": -1.9390220642089844,
            "max": -0.05330660566687584,
            "count": 250
        },
        "Move.Environment.CumulativeReward.mean": {
            "value": -0.0800000011920929,
            "min": -0.20000000298023224,
            "max": 0.037500000558793545,
            "count": 250
        },
        "Move.Environment.CumulativeReward.sum": {
            "value": -1.600000023841858,
            "min": -4.000000059604645,
            "max": 0.6000000089406967,
            "count": 250
        },
        "Move.Policy.ExtrinsicReward.mean": {
            "value": -0.0800000011920929,
            "min": -0.20000000298023224,
            "max": 0.037500000558793545,
            "count": 250
        },
        "Move.Policy.ExtrinsicReward.sum": {
            "value": -1.600000023841858,
            "min": -4.000000059604645,
            "max": 0.6000000089406967,
            "count": 250
        },
        "Move.IsTraining.mean": {
            "value": 1.0,
            "min": 1.0,
            "max": 1.0,
            "count": 250
        },
        "Move.IsTraining.sum": {
            "value": 1.0,
            "min": 1.0,
            "max": 1.0,
            "count": 250
        },
        "Move.Losses.PolicyLoss.mean": {
            "value": 0.100067539427905,
            "min": 0.09209591259436148,
            "max": 0.1075414921361821,
            "count": 41
        },
        "Move.Losses.PolicyLoss.sum": {
            "value": 0.100067539427905,
            "min": 0.09209591259436148,
            "max": 0.1075414921361821,
            "count": 41
        },
        "Move.Losses.ValueLoss.mean": {
            "value": 0.0032260529471954316,
            "min": 0.0007675687090718683,
            "max": 0.0033594216419294237,
            "count": 41
        },
        "Move.Losses.ValueLoss.sum": {
            "value": 0.0032260529471954316,
            "min": 0.0007675687090718683,
            "max": 0.0033594216419294237,
            "count": 41
        },
        "Move.Policy.LearningRate.mean": {
            "value": 3.0108989964000134e-06,
            "min": 3.0108989964000134e-06,
            "max": 0.0002927484024172,
            "count": 41
        },
        "Move.Policy.LearningRate.sum": {
            "value": 3.0108989964000134e-06,
            "min": 3.0108989964000134e-06,
            "max": 0.0002927484024172,
            "count": 41
        },
        "Move.Policy.Epsilon.mean": {
            "value": 0.1010036,
            "min": 0.1010036,
            "max": 0.19758279999999998,
            "count": 41
        },
        "Move.Policy.Epsilon.sum": {
            "value": 0.1010036,
            "min": 0.1010036,
            "max": 0.19758279999999998,
            "count": 41
        },
        "Move.Policy.Beta.mean": {
            "value": 1.9935640000000046e-05,
            "min": 1.9935640000000046e-05,
            "max": 0.0009760697199999999,
            "count": 41
        },
        "Move.Policy.Beta.sum": {
            "value": 1.9935640000000046e-05,
            "min": 1.9935640000000046e-05,
            "max": 0.0009760697199999999,
            "count": 41
        }
    },
    "metadata": {
        "timer_format_version": "0.1.0",
        "start_time_seconds": "1639902958",
        "python_version": "3.9.7 (tags/v3.9.7:1016ef3, Aug 30 2021, 20:19:38) [MSC v.1929 64 bit (AMD64)]",
        "command_line_arguments": "C:\\Users\\farha\\AppData\\Local\\Programs\\Python\\Python39\\Scripts\\mlagents-learn config\\drone.yaml --run-id=Test1 --force",
        "mlagents_version": "0.27.0",
        "mlagents_envs_version": "0.27.0",
        "communication_protocol_version": "1.5.0",
        "pytorch_version": "1.10.0+cpu",
        "numpy_version": "1.21.3",
        "end_time_seconds": "1639908385"
    },
    "total": 5426.962063,
    "count": 1,
    "self": 0.021873900000173307,
    "children": {
        "run_training.setup": {
            "total": 0.19581760000000026,
            "count": 1,
            "self": 0.19581760000000026
        },
        "TrainerController.start_learning": {
            "total": 5426.7443715,
            "count": 1,
            "self": 2.5100969999930385,
            "children": {
                "TrainerController._reset_env": {
                    "total": 12.727911599999999,
                    "count": 1,
                    "self": 12.727911599999999
                },
                "TrainerController.advance": {
                    "total": 5411.235243100006,
                    "count": 59153,
                    "self": 3.580409500010319,
                    "children": {
                        "env_step": {
                            "total": 2947.6393509999966,
                            "count": 59153,
                            "self": 2763.282152199966,
                            "children": {
                                "SubprocessEnvManager._take_step": {
                                    "total": 182.15379009998784,
                                    "count": 59153,
                                    "self": 7.305683799901317,
                                    "children": {
                                        "TorchPolicy.evaluate": {
                                            "total": 174.84810630008653,
                                            "count": 55655,
                                            "self": 14.800424600112251,
                                            "children": {
                                                "TorchPolicy.sample_actions": {
                                                    "total": 160.04768169997428,
                                                    "count": 55655,